campo,elementos_distintos
DATE,1861
DATE-OBS,1861
ARCFILE,1861
ORIGFILE,1771
ESO DET EXP UTC,407
ESO DET FRAM UTC,407
ESO DET EXP NAME,377
ESO TPL START,225
ESO OBS START,50
ESO TPL ID,28
ESO TPL PRESEQ,23
OBJECT,18
ESO DPR TYPE,17
ESO OBS PROG ID,15
ESO TPL VERSION,13
ESO OCS DET1 IMGNAME,12
ESO OCS DET2 IMGNAME,12
ESO INS OPTI5 ID,11
ESO INS OPTI5 NAME,11
ESO INS FILT1 NAME,10
ESO OCS DET3 IMGNAME,10
ESO INS FILT1 ID,10
ESO INS OPTI4 NAME,9
ESO TPL NAME,9
ESO INS OPTI3 ID,9
ESO INS OPTI3 NAME,9
ESO INS OPTI4 ID,9
ESO DET READ CLOCK,8
ESO DPR TECH,7
ESO INS OPTI2 ID,5
ESO INS OPTI2 NAME,5
ESO OBS CONTAINER TYPE,4
ESO DET READ SPEED,4
ESO DET FRAM TYPE,4
ESO INS MODE,4
ESO INS PATH,4
ESO SEQ ARM,4
ESO OCS DET4 IMGNAME,4
ESO DPR CATG,3
ESO DET OUT1 NAME,3
ESO DET CHIP1 ID,3
ESO DET EXP TYPE,3
ESO DET DID,3
ESO INS MIRR1 NAME,3
ESO INS MIRR1 ID,3
ESO DET NAME,3
ESO DET CHIP1 NAME,3
ESO OBS AMBI TRANS,3
PI-COI,2
ESO DET OUT1 ID,2
CTYPE2,2
ESO INS ADC2 MODE,2
ESO INS ADC1 MODE,2
ESO INS ADC4 MODE,2
ESO ADA GUID STATUS,2
ESO INS ADC3 MODE,2
ESO DET ID,2
ESO INS TILT3 MODE,2
ESO OBS PI-COI NAME,2
CTYPE1,2
ESO DET DATE,2
ESO TEL MOON PHASE,2
ESO INS TILT1 MODE,2
ESO INS TILT2 MODE,2
ESO TEL DOME STATUS,2
TELESCOP,2
ESO INS DID2,1
ESO INS DATE,1
ESO DET SHUT TYPE,1
ESO INS DID1,1
ESO INS LAMP2 NAME,1
ESO INS LAMP2 ID,1
ESO INS ID,1
ESO INS SENS81 ID,1
ESO INS SENS81 NAME,1
ESO INS SENS82 ID,1
ESO INS SENS82 NAME,1
ESO INS SENSOR1 ID,1
ESO INS SENSOR1 NAME,1
ESO INS SENSOR4 ID,1
ESO INS SENSOR4 NAME,1
ESO INS SENSOR5 ID,1
ESO INS SENSOR5 NAME,1
ESO INS SENSOR6 ID,1
ESO INS SENSOR6 NAME,1
ESO INS SENSOR7 ID,1
ESO INS SENSOR7 NAME,1
ESO INS SHUT1 ID,1
ESO INS SHUT1 NAME,1
ESO INS SWSIM,1
ESO INS TEMP1 ID,1
ESO INS TEMP1 NAME,1
ESO INS TEMP10 ID,1
ESO DET SOFW MODE,1
ESO DET TLM1 ID,1
ESO DET TLM1 NAME,1
ESO DET TLM2 ID,1
ESO INS OPTI2 TYPE,1
ESO INS OPTI3 TYPE,1
ESO INS OPTI4 TYPE,1
ESO INS OPTI5 TYPE,1
ESO INS SENS21 ID,1
ESO INS SENS21 NAME,1
ESO INS SENS60 ID,1
ESO INS SENS60 NAME,1
ESO DET TLM4 NAME,1
ESO DET TLM2 NAME,1
ESO DET TLM4 ID,1
ESO DET TLM3 NAME,1
ESO DET TLM3 ID,1
ESO ADA ABSROT PPOS,1
OBSERVER,1
ESO DET CHIP1 DATE,1
RADECSYS,1
INSTRUME,1
ORIGIN,1
ESO DET READ MODE,1
ESO DET SHUT ID,1
ESO INS TEMP8 NAME,1
ESO INS TEMP8 ID,1
ESO INS TEMP7 NAME,1
ESO INS TEMP7 ID,1
ESO INS TEMP6 NAME,1
ESO INS TEMP6 ID,1
ESO INS TEMP5 NAME,1
ESO INS TEMP5 ID,1
ESO INS TEMP4 NAME,1
ESO INS TEMP4 ID,1
ESO INS TEMP3 NAME,1
ESO INS TEMP3 ID,1
ESO INS TEMP24 NAME,1
ESO INS TEMP24 ID,1
ESO INS TEMP23 NAME,1
ESO INS TEMP23 ID,1
ESO INS TEMP22 NAME,1
ESO INS TEMP22 ID,1
ESO INS TEMP21 NAME,1
ESO INS TEMP21 ID,1
ESO INS TEMP2 NAME,1
ESO INS TEMP2 ID,1
ESO INS TEMP11 NAME,1
ESO INS TEMP11 ID,1
ESO INS TEMP10 NAME,1
ESO INS TEMP84 NAME,1
ESO INS TEMP84 ID,1
ESO INS TEMP81 NAME,1
ESO INS TEMP82 ID,1
ESO INS TEMP82 NAME,1
ESO INS TEMP85 ID,1
ESO INS TEMP80 ID,1
ESO OBS DID,1
ESO OBS CONTAINER PARENT TYPE,1
ESO OBS AOMODE,1
ESO INS TILT3 NAME,1
ESO INS TILT3 ID,1
ESO INS TILT1 NAME,1
ESO INS TILT2 ID,1
ESO INS TILT2 NAME,1
ESO INS TEMP90 ID,1
ESO INS TEMP90 NAME,1
ESO INS TILT1 ID,1
ESO INS TEMP85 NAME,1
ESO INS TEMP86 ID,1
ESO INS TEMP86 NAME,1
ESO INS TEMP9 ID,1
ESO INS TEMP9 NAME,1
ESO INS TEMP83 NAME,1
ESO INS TEMP83 ID,1
ESO TEL TRAK STATUS,1
ESO TEL OPER,1
ESO TEL ID,1
ESO TEL FOCU ID,1
ESO TEL DATE,1
ESO TEL DID,1
ESO OBS OBSERVER,1
ESO TEL TARG EPOCHSYSTEM,1
ESO TEL TARG COORDTYPE,1
ESO TPL DID,1
ESO DET CHIP TYPE,1
ESO DET CHIP NAME,1
ESO INS TEMP81 ID,1
ESO INS TEMP80 NAME,1
ESO DET CON OPMODE,1
ESO DET CHIP ID,1
ESO DET IRACE ADC1 NAME,1
ESO DET IRACE ADC2 NAME,1
ESO DET VOLT1 CLKHINM11,1
ESO DET VOLT1 CLKHINM10,1
ESO DET NCORRS NAME,1
ESO DET VOLT1 CLKHINM1,1
ESO DET VOLT1 CLKHINM2,1
ESO DET VOLT1 CLKHINM14,1
ESO DET VOLT1 CLKHINM15,1
ESO DET VOLT1 CLKHINM16,1
ESO DET VOLT1 CLKHINM4,1
ESO DET VOLT1 CLKHINM3,1
ESO DET VOLT1 CLKHINM12,1
ESO DET VOLT1 CLKHINM13,1
ESO DET VOLT1 CLKLONM13,1
ESO DET VOLT1 CLKHINM7,1
ESO DET VOLT1 CLKHINM8,1
ESO DET VOLT1 CLKHINM9,1
ESO DET VOLT1 CLKLONM1,1
ESO DET VOLT1 CLKLONM10,1
ESO DET VOLT1 CLKLONM11,1
ESO DET VOLT1 CLKLONM12,1
ESO DET VOLT1 CLKLONM2,1
ESO DET VOLT1 CLKLONM14,1
ESO DET VOLT1 CLKLONM15,1
ESO DET VOLT1 CLKLONM16,1
ESO DET VOLT1 CLKLONM4,1
ESO DET VOLT1 CLKLONM3,1
ESO DET VOLT1 CLKHINM5,1
ESO DET VOLT1 CLKHINM6,1
ESO DET VOLT1 DCNM6,1
ESO DET VOLT1 CLKLONM5,1
ESO DET VOLT1 CLKLONM6,1
ESO DET VOLT1 CLKLONM7,1
ESO DET VOLT1 DCNM1,1
ESO DET VOLT1 DCNM10,1
ESO DET VOLT1 CLKLONM8,1
ESO DET VOLT1 CLKLONM9,1
ESO DET VOLT1 DCNM13,1
ESO DET VOLT1 DCNM14,1
ESO DET VOLT1 DCNM15,1
ESO DET VOLT1 DCNM2,1
ESO DET VOLT1 DCNM3,1
ESO DET VOLT1 DCNM4,1
ESO DET VOLT1 DCNM11,1
ESO DET VOLT1 DCNM12,1
ESO INS LAMP4 ID,1
ESO DET VOLT1 DCNM5,1
ESO DET VOLT1 DCNM8,1
ESO DET VOLT1 DCNM7,1
ESO DET VOLT1 DCNM9,1
ESO OCS ARM,1
ESO INS LAMP3 ID,1
ESO INS LAMP3 NAME,1
ESO INS LAMP6 ID,1
ESO INS LAMP4 NAME,1
ESO INS LAMP5 ID,1
ESO INS LAMP5 NAME,1
ESO INS LAMP1 ID,1
ESO INS LAMP6 NAME,1
ESO INS LAMP1 NAME,1
ESO DET MODE NAME,0
