campo,varianza
ESO OBS NAME,1.6522186267423922e+32
DATASUM,1.4980270272001923e+18
ESO OBS ID,1363143737433764.0
ESO OBS CONTAINER ID,3725305555533.133
ESO TEL TARG DELTA,80745098559.12129
ESO INS ADC4 DEC,13771426701.892975
ESO INS ADC3 DEC,13771426701.892773
ESO INS ADC2 DEC,13771426701.892773
ESO INS ADC1 DEC,13771426701.892773
ESO TEL TARG ALPHA,6866477460.325268
ESO INS ADC2 RA,3835697572.005645
ESO INS ADC3 RA,3835697572.005645
ESO INS ADC1 RA,3835697572.005645
ESO INS ADC4 RA,3835697525.894805
LST,1031360007.5116862
UTC,244015310.28788218
ESO INS ADC1 ENC END,242207876.6905398
ESO INS ADC3 ENC END,242184567.09355304
ESO INS ADC3 ENC START,242096883.63337493
ESO INS ADC1 ENC START,242083710.77124274
ESO OBS PI-COI ID,151574198.4680707
ESO INS ADC4 ENC END,47871414.908899136
ESO INS ADC2 ENC END,47862047.07042983
ESO INS ADC2 ENC START,47783680.617842756
ESO INS ADC4 ENC START,47776406.010299124
ESO DET EXP NO,27290458.94113177
ESO OBS EXECTIME,18634889.16971614
ESO INS TILT3 REFRACYST,16387961.964885248
ESO INS TILT2 REFRACYST,16387577.829524025
ESO INS TILT3 REFRACYEND,16385846.324055247
ESO INS TILT2 REFRACYEND,16385458.518308057
ESO INS TILT3 REFRACXST,16383462.160420604
ESO INS TILT2 REFRACXST,16383352.886200242
ESO INS TILT3 REFRACXEND,16382140.555047262
ESO INS TILT2 REFRACXEND,16382128.721740194
ESO INS TILT1 REFRACXEND,16381771.472021759
ESO INS TILT1 REFRACXST,16380560.377524523
ESO INS TILT1 REFRACYEND,16378533.916966539
ESO INS TILT1 REFRACYST,16376447.004063362
ESO DET CHIP1 NY,1497202.6232326801
ESO DET OUT1 NY,1307369.927198956
ESO DET WIN1 NY,1307369.927198956
NAXIS2,1185762.508037649
ESO DET OUT1 X,1046367.1811733254
ESO DET WIN1 NX,398547.90575491963
ESO DET OUT1 NX,370161.2993275782
NAXIS1,353411.4437676587
ESO DET WIN1 UIT1,262178.7183342713
ESO DET WIN1 DIT1,262178.7183342713
ESO DET WIN1 DKTM,262174.95566206676
ESO DET CHIP1 NX,258826.71590817656
EXPTIME,209205.63635373442
ESO DET NDSAMPLES,42747.0964403723
ESO INS UVBFOCUS ENC,31441.969696969692
ESO INS FOCU1 ENC,23492.17084005016
ESO ADA ABSROT END,19372.120859945764
ESO ADA ABSROT START,19357.433708908935
ESO DET DIT,18916.44285750045
ESO DET MINDIT,18907.133177264055
ESO ADA GUID RA,18018.71468522965
RA,15363.799074629647
ESO TEL AMBI WINDDIR,14231.214032070135
ESO TEL AZ,8435.873817607473
ESO TEL PARANG START,7530.2762014911505
ESO TEL PARANG END,7529.637845969622
ESO ADA POSANG,7272.316332317303
ESO INS ADC1 END,5704.531681675504
ESO INS ADC3 END,5703.987576501392
ESO INS ADC3 START,5701.702969629683
ESO INS ADC1 START,5701.41083655043
ESO TEL MOON AZ,2906.7344775137703
ESO INS ADC4 END,1127.4529951007858
ESO INS ADC2 END,1127.4405780510497
ESO INS ADC2 START,1125.4052247114212
ESO INS ADC4 START,1125.2453615494755
ESO ADA GUID DEC,882.9724520749327
ESO TEL MOON ALT,819.6803488587196
DEC,812.4189112082527
ESO DET EXP XFERTIM,785.9382917199652
ESO TEL MOON RA,702.7035507072993
ESO DET RA,700.2134268475766
ESO DET EXP RDTTIME,698.0808504466175
ESO TEL MOON DIST,559.5755579283723
ESO TPL NEXP,531.1198107157095
BITPIX,393.8963651176094
ESO DET OUT1 PRSCX,383.8402034968206
ESO DET OUT1 OVSCX,299.2069417635192
ESO OBS NTPL,292.2433580050037
ESO TPL EXPNO,221.340265668244
ESO TEL ALT,158.65270866953335
CRPIX2,123.69193889680412
ESO OBS TPLNO,113.02504550103137
CRPIX1,92.24228958612407
ESO DET TLM1 START,80.13589161840193
ESO DET TLM1 END,80.13460450775025
ESO DET DEC,59.41994595988715
ESO OBS MOON DIST,31.495227995758224
ESO DET TLM2 START,31.157748506453014
ESO DET TLM2 END,31.154149780338365
ESO TEL MOON DEC,29.9359755041712
ESO TEL AMBI WINDSP,17.16888476668701
ESO TEL TARG EPOCH,15.476224823836208
ESO TEL AMBI RHUM,9.452442712090106
ESO INS OPTI3 NO,8.787102552102292
ESO INS OPTI4 NO,8.651134492381829
ESO SEQ RELOFF DEC,8.508067852675222
ESO INS OPTI5 NO,7.360732176596003
ESO SEQ CUMOFF Y,6.428571428571429
ESO INS TEMP84 VAL,6.356309002901667
ESO SEQ RELOFF RA,6.325462671470286
ESO TEL AMBI IRSKY TEMP,5.634190756255899
CRVAL1,4.541001689028315
ESO INS FILT1 NO,3.8146319761025698
ESO SEQ CUMOFF DEC,3.7810723134702844
CRVAL2,3.5533061076387202
ESO TEL AMBI TEMP,3.471976138822616
ESO TEL TH M1 TEMP,3.375666179326416
MJD-OBS,2.8568963789886332
ESO SEQ CUMOFF RA,2.6474976501274283
ESO INS TEMP8 VAL,2.5494434974259415
ESO INS TEMP6 VAL,2.5447061494282757
ESO INS TEMP4 VAL,2.538107875520734
ESO INS TEMP5 VAL,2.5301815158343586
ESO INS TEMP7 VAL,2.50722884574717
ESO INS TEMP2 VAL,2.48982040139132
ESO INS TEMP3 VAL,2.4768037388269692
ESO INS TEMP1 VAL,2.471298869898829
ESO INS TEMP9 VAL,2.3677497092556314
ESO INS TEMP11 VAL,2.327496549086223
ESO INS TEMP10 VAL,2.2635358338389007
ESO INS FOCU1 POS,2.1555603415899642
ESO INS TEMP85 VAL,1.9870366128957146
ESO DET OUT1 RON,1.935962876030335
ESO TEL AMBI PRES END,1.7371261721134372
ESO TEL AMBI PRES START,1.7304189091716329
ESO DET NDIT,1.5462775807603395
ESO INS OPTI2 NO,1.0294673345929175
ESO INS MIRR1 NO,0.9944358738798078
ESO TEL AMBI IWV END,0.7205435193918881
ESO TEL AMBI IWV START,0.7133468262775342
ESO TEL AMBI IWV30D START,0.6261766603784056
ESO TEL AMBI IWV30D END,0.6254691394329469
ESO DET CHIP1 PSZX,0.4688473593977645
ESO DET CHIP1 PSZY,0.4688473593977645
ESO INS TILT1 POSYSTART,0.40510227969469526
ESO INS TILT2 POSYSTART,0.4010152630369844
ESO INS TILT3 POSXSTART,0.39239970917531913
ESO INS TILT3 ENGX,0.312844650853686
ESO OBS AIRM,0.25857517379521616
ESO DET OUT1 INDEX,0.24731313561254425
ESO DET OUT1 CONAD,0.24627153117725414
CDELT2,0.2406941509711222
ESO DET WIN1 BINY,0.22705383066482002
ESO TEL IA FWHMLINOBS,0.22144053709149417
ESO INS SENS82 VAL,0.22123412086229527
ESO DET OUT1 GAIN,0.20912511400309186
CDELT1,0.1687936092911543
ESO OBS AMBI FWHM,0.16573936608931306
ESO INS SHUT1 ST,0.1570938274600891
ESO INS TILT2 ENGY,0.15655394493364072
ESO DET WIN1 BINX,0.1513162067571623
ESO TEL FOCU VALUE,0.12145546215946289
ESO INS TILT2 ENGX,0.11361515049776683
ESO INS TILT1 POSYEND,0.11339139176243551
ESO TEL AMBI FWHM END,0.10336708927481551
ESO TEL AMBI FWHM START,0.09902119236531101
ESO INS TILT1 AFCY,0.09770494339960596
ESO INS TILT2 POSYEND,0.09317750340203267
ESO TEL IA FWHMLIN,0.08910481884259004
ESO INS TILT2 AFCY,0.07528493096843528
ESO INS TILT1 ENGY,0.06991487622679446
ESO TEL AIRM START,0.06333642198857016
ESO TEL AIRM END,0.06326540578704988
ESO INS TILT1 ENGX,0.05352438251720371
ESO INS TILT2 POSXSTART,0.05084390018373751
ESO INS TILT3 POSXEND,0.04856275647212448
ESO INS TILT2 POSXEND,0.04608839419377951
ESO OBS MOON FLI,0.04252783669141039
ESO TEL IA FWHM,0.04221919214337235
ESO INS TILT2 AFCX,0.037544386936726126
ESO INS TILT3 AFCX,0.029691910833578895
ESO INS TILT1 POSXSTART,0.025337616748424073
ESO TEL MOON FLI,0.025198401744712093
ESO INS TILT1 POSXEND,0.02136873416361882
ESO INS TILT3 POSYSTART,0.017547844878750583
ESO INS TILT3 POSYEND,0.01589029249218538
ESO INS TILT3 ENGY,0.015714638521895388
ESO INS TILT1 AFCX,0.013185759367434553
ESO INS TILT3 AFCY,0.011017244976975033
CD1_1,0.01010094742211448
CD2_2,0.010100026378915475
ESO INS TEMP80 VAL,0.0007816183922391168
ESO TEL AMBI IWV30DSTD END,0.000716756366864562
ESO TEL AMBI IWV30DSTD START,0.0006842007434944238
ESO INS TEMP81 VAL,0.0006812123208125373
ESO INS TEMP83 VAL,0.0006752923910720208
ESO TEL TARG PMD,0.0006272200533550462
ESO INS TEMP82 VAL,0.0005332802921310742
ESO TEL TARG PMA,0.00044095705644981413
ESO TEL AMBI IWVSTD END,0.00028875603395661105
ESO TEL AMBI IWVSTD START,0.0002853354047605837
ESO INS TEMP86 VAL,0.00023085061968072533
ESO SEQ AG YCEN,2.592720050006565e-05
ESO SEQ AG XCEN,2.155617800013606e-05
ESO DET VOLT1 DCTA11,5.890835380835381e-06
ESO DET VOLT1 CLKHIT16,5.660933660933462e-06
ESO DET VOLT1 CLKLOT13,5.601393713462667e-06
ESO DET VOLT1 CLKLOT10,5.389878118153791e-06
ESO DET VOLT1 DCTB11,5.121896975345251e-06
ESO DET VOLT1 CLKHIT6,4.607527747183158e-06
ESO DET VOLT1 DCTB7,3.8722994154030634e-06
ESO DET VOLT1 CLKHIT10,3.836845717190047e-06
ESO DET VOLT1 CLKLOT9,3.4718534028878844e-06
ESO INS TEMP90 VAL,3.1454860087949725e-06
ESO DET VOLT1 DCTA6,2.8987757349822558e-06
ESO DET VOLT1 DCTB1,2.7697475218161275e-06
ESO DET VOLT1 CLKLOT12,2.638103871896977e-06
ESO DET VOLT1 CLKHIT5,1.743624502245282e-06
ESO DET VOLT1 CLKLOT15,1.6433660933660946e-06
ESO DET VOLT1 CLKHIT7,1.1778183512664744e-06
ESO TEL AMBI TAU0,9.505032458525217e-07
ESO DET VOLT1 DCTA2,6.887316783867615e-07
ESO DET VOLT1 CLKHIT4,6.329356943150375e-07
ESO DET VOLT1 CLKLOT3,4.6380411759722135e-07
ESO DET VOLT1 CLKHIT8,4.0684571719049204e-07
ESO DET VOLT1 CLKHIT12,1.1769465390155655e-07
ESO DET VOLT1 CLKHIT15,1.1769465390155052e-07
ESO DET VOLT1 DCTA13,5.8992628992628975e-08
ESO DET VOLT1 DCTA3,5.8992628992621346e-08
ESO DET TLM4 START,7.023997405698789e-10
ESO DET TLM4 END,7.015223686542624e-10
CD1_2,1.90573256477261e-11
CD2_1,1.90573256477261e-11
ESO INS SENS60 VAL,1.1993369650205405e-11
ESO DET VOLT1 DCTA7,1.9770097809418216e-31
ESO DET VOLT1 CLKLOT11,1.9770097809418216e-31
ESO DET VOLT1 DCTA8,1.9770097809418216e-31
ESO DET VOLT1 CLKLOT16,1.9770097809418216e-31
ESO DET VOLT1 CLKHIT2,1.9770097809418216e-31
ESO DET VOLT1 CLKHIT1,1.9770097809418216e-31
ESO DET VOLT1 CLKHIT14,1.9770097809418216e-31
ESO DET VOLT1 CLKHIT13,1.9770097809418216e-31
ESO DET VOLT1 CLKHIT11,1.9770097809418216e-31
ESO DET VOLT1 DCTB2,1.9770097809418216e-31
ESO DET VOLT1 DCTB6,1.9770097809418216e-31
ESO TEL FOCU SCALE,4.94877760038368e-32
ESO INS TILT3 CONVY,4.933031399920373e-32
ESO INS TILT3 CONVX,1.2332578499800932e-32
ESO INS TILT1 CONVY,3.083144624950233e-33
ESO INS TILT1 CONVX,3.083144624950233e-33
ESO DET VOLT1 CLKLOT5,4.826684035502494e-35
ESO DET VOLT1 CLKLOT4,4.826684035502494e-35
ESO DET VOLT1 CLKLOT7,4.826684035502494e-35
ESO DET EXP PROCTIM,1.2195444549162595e-35
ESO DET VOLT1 DCTA15,7.541693805472647e-37
ESO DET VOLT1 DCTB14,7.541693805472647e-37
ESO DET VOLT1 DCTB9,7.541693805472647e-37
ESO DET VOLT1 DCTB10,7.541693805472647e-37
ESO DET VOLT1 DCTB13,7.541693805472647e-37
ESO DET VOLT1 DCTA9,7.541693805472647e-37
ESO DET VOLT1 DCTB12,7.541693805472647e-37
ESO DET VOLT1 DCTA10,7.541693805472647e-37
ESO DET VOLT1 DCTB15,7.541693805472647e-37
ESO DET VOLT1 DCTA14,7.541693805472647e-37
ESO DET VOLT1 DCTA12,7.541693805472647e-37
EQUINOX,0.0
ESO INS LAMP5 ST,0.0
ESO INS LAMP6 ST,0.0
ESO INS LAMP1 ST,0.0
ESO SEQ CUMOFF X,0.0
ESO DET OUT1 GAININD,0.0
ESO DET READ PIXTIME,0.0
ESO INS LAMP3 ST,0.0
ESO INS LAMP4 ST,0.0
ESO TEL TARG PARALLAX,0.0
ESO DET OUT1 CHIP,0.0
ESO DET FRAM ID,0.0
ESO DET CHIPS,0.0
ESO TEL GEOLON,0.0
ESO DET TELE NO,0.0
ESO DET TELE INT,0.0
ESO DET SHUT TMOPEN,0.0
ESO DET SHUT TMCLOS,0.0
ESO DET READ NFRAM,0.0
ESO DET OUTREF,0.0
ESO DET CHIP1 YGAP,0.0
ESO DET CHIP1 Y,0.0
ESO DET CHIP1 XGAP,0.0
ESO DET CHIP1 X,0.0
ESO TEL TARG EQUINOX,0.0
ESO DET VOLT1 DCTB3,0.0
ESO DET VOLT1 DCTB4,0.0
ESO DET VOLT1 DCTB5,0.0
ESO DET VOLT1 DCTB8,0.0
ESO DET WIN NY,0.0
ESO DET WIN STARTX,0.0
ESO DET WIN STARTY,0.0
ESO DET WIN TYPE,0.0
ESO DET WIN NX,0.0
BSCALE,0.0
ESO DET OUT1 Y,0.0
ESO DET OUTPUTS,0.0
ESO DET OUT1 PRSCY,0.0
ESO DET OUT1 OVSCY,0.0
ESO TEL GEOLAT,0.0
ESO TEL GEOELEV,0.0
ESO DET CHIP1 INDEX,0.0
ESO DET NDITSKIP,0.0
ESO TEL TARG RADVEL,0.0
ESO DET CHIP GAIN,0.0
ESO DET CHIP NX,0.0
ESO DET CHIP NY,0.0
ESO DET CHIP PXSPACE,0.0
ESO DET CHIP RON,0.0
ESO DET CHOP FREQ,0.0
ESO DET DITDELAY,0.0
ESO DET FILE CUBE ST,0.0
ESO DET FRAM NO,0.0
ESO DET IRACE ADC1 DELAY,0.0
ESO DET IRACE ADC1 ENABLE,0.0
ESO DET IRACE ADC1 FILTER1,0.0
ESO DET IRACE ADC1 FILTER2,0.0
ESO DET VOLT1 CLKHI5,0.0
ESO DET VOLT1 CLKHI4,0.0
ESO DET BITS,0.0
ESO OBS CONTAINER PARENT ID,0.0
ESO DET WIN1 NDIT,0.0
ESO TEL FOCU LEN,0.0
ESO DET WIN1 STRX,0.0
ESO DET WIN1 ST,0.0
ESO DET NCORRS,0.0
ESO DET IRACE SEQCONT,0.0
ESO DET IRACE ADC2 HEADER,0.0
ESO DET IRACE ADC2 FILTER2,0.0
ESO DET IRACE ADC2 FILTER1,0.0
ESO DET IRACE ADC2 ENABLE,0.0
ESO TEL FO POS,0.0
ESO TEL CHOP ST,0.0
ESO DET NDSKIP,0.0
ESO DET RSPEED,0.0
ESO INS TILT3 OFFSETY,0.0
ESO DET VOLT1 CLKHIT3,0.0
ESO INS TILT3 OFFSETX,0.0
ESO DET WINDOWS,0.0
ESO OBS WATERVAPOUR,0.0
ESO OBS TWILIGHT,0.0
ESO OBS TARG NAME,0.0
ESO OBS GRP,0.0
ESO DET VOLT1 CLKHI9,0.0
ESO DET VOLT1 CLKHI8,0.0
ESO DET VOLT1 CLKHI7,0.0
ESO DET VOLT1 CLKHI6,0.0
ESO DET VOLT1 CLKLO5,0.0
ESO DET VOLT1 CLKLO4,0.0
ESO DET VOLT1 CLKLO3,0.0
ESO DET VOLT1 CLKLO2,0.0
ESO DET VOLT1 CLKHI3,0.0
ESO DET VOLT1 CLKHI2,0.0
ESO DET VOLT1 CLKHI16,0.0
ESO DET VOLT1 CLKHI15,0.0
ESO DET VOLT1 CLKHI14,0.0
ESO DET VOLT1 CLKHI13,0.0
ESO DET VOLT1 CLKHI12,0.0
ESO DET VOLT1 CLKHI11,0.0
ESO DET VOLT1 CLKHI10,0.0
ESO DET VOLT1 CLKHI1,0.0
ESO DET SATLEVEL,0.0
ESO DET RSPEEDADD,0.0
ESO DET IRACE ADC2 DELAY,0.0
ESO DET IRACE ADC1 HEADER,0.0
ESO DET VOLT1 CLKLO1,0.0
ESO DET VOLT1 CLKLO10,0.0
ESO DET VOLT1 CLKLO11,0.0
ESO DET VOLT1 CLKLO12,0.0
ESO DET VOLT1 CLKLO13,0.0
ESO DET TLM3 END,0.0
ESO DET TLM3 START,0.0
ESO INS TILT2 CONVX,0.0
ESO INS TILT2 CONVY,0.0
ESO INS TILT2 OFFSETX,0.0
ESO INS TILT2 OFFSETY,0.0
ESO DET VOLT1 CLKLO14,0.0
ESO DET VOLT1 CLKLO15,0.0
ESO DET VOLT1 CLKLO16,0.0
ESO DET VOLT1 CLKLOT14,0.0
ESO DET VOLT1 CLKHIT9,0.0
ESO DET VOLT1 CLKLO6,0.0
ESO DET VOLT1 DC6,0.0
ESO DET VOLT1 DC4,0.0
ESO DET VOLT1 DC5,0.0
ESO DET VOLT1 DC2,0.0
ESO INS LAMP2 ST,0.0
ESO INS TILT1 OFFSETY,0.0
ESO DET VOLT1 CLKLOT2,0.0
ESO DET WIN1 STRY,0.0
ESO INS FOCU2 POS,0.0
ESO INS FOCU2 ENC,0.0
ESO DET VOLT1 CLKLOT1,0.0
ESO DET VOLT1 CLKLO9,0.0
ESO DET VOLT1 CLKLO8,0.0
ESO DET VOLT1 CLKLO7,0.0
ESO INS TILT1 OFFSETX,0.0
ESO DET VOLT1 DCTA5,0.0
ESO DET VOLT1 CLKLOT6,0.0
ESO DET VOLT1 CLKLOT8,0.0
ESO DET VOLT1 DC1,0.0
ESO DET VOLT1 DC11,0.0
ESO DET VOLT1 DC10,0.0
ESO DET VOLT1 DC12,0.0
ESO DET VOLT1 DC13,0.0
ESO DET VOLT1 DC3,0.0
ESO DET VOLT1 DC14,0.0
ESO DET VOLT1 DC15,0.0
ESO DET VOLT1 DCTA4,0.0
ESO INS SENS21 VAL,0.0
ESO INS SENS81 VAL,0.0
ESO DET VOLT1 DCTA1,0.0
ESO INS SENSOR4 SWSIM,0.0
ESO DET VOLT1 DC9,0.0
ESO DET VOLT1 DC8,0.0
ESO DET VOLT1 DC7,0.0
ESO SEQ JITTER WIDTH,0.0
ESO DET EXP DUMDIT,0.0
ESO DET CHIP MPP,0.0
ESO DET CHIP FRMXFER,0.0
BZERO,0.0
EXTEND,0.0
NAXIS,0.0
SIMPLE,0.0
ESO INS TEMP24 VAL,0.0
ESO INS TEMP23 VAL,0.0
ESO INS TEMP22 VAL,0.0
ESO INS TEMP21 VAL,0.0
ESO SEQ NOD THROW,0.0
